"Source:","/Users/maryam/Desktop/SensorNode_PCB/SensorNode_PCB.kicad_sch"
"Date:","Monday, December 05, 2022 at 12:03:34 AM"
"Tool:","Eeschema (6.0.2-0)"
"Generator:","/Applications/KiCad/KiCad.app/Contents/SharedSupport/plugins/bom_csv_grouped_by_value.py"
"Component Count:","8"

"Individual Components:"

"Item","Qty","Reference(s)","Value","LibPart","Footprint","Datasheet"
"","","Accelerometer1","LSM6DSOX","My Schematic library:LSM6DSOX","My_footprints_Library:LSM6DSOX",""
"","","BodyT1","LM35_Port","My Schematic library:LM35_Port","Connector_PinHeader_2.54mm:PinHeader_1x03_P2.54mm_Vertical",""
"","","FluidL1","eTape_Port","My Schematic library:eTape_Port","Connector_PinHeader_2.54mm:PinHeader_1x04_P2.54mm_Vertical",""
"","","GPS1","PA1616S","My Schematic library:PA1616S","My_footprints_Library:PA1616S",""
"","","Pressure1","P_trans_port","My Schematic library:P_trans_port","Connector_PinHeader_2.54mm:PinHeader_1x03_P2.54mm_Vertical",""
"","","Pulse1","SEN-11574_Port","My Schematic library:SEN-11574_Port","Connector_PinHeader_2.54mm:PinHeader_1x03_P2.54mm_Vertical",""
"","","R1","560Ω","Device:R","Resistor_THT:R_Axial_DIN0309_L9.0mm_D3.2mm_P2.54mm_Vertical","~"
"","","U1","Arduino_port","My Schematic library:Arduino_port","Connector_PinHeader_2.54mm:PinHeader_2x31_P2.54mm_Vertical",""



"Collated Components:"

"Item","Qty","Reference(s)","Value","LibPart","Footprint","Datasheet"
"1","1","Accelerometer1","LSM6DSOX","My Schematic library:LSM6DSOX","My_footprints_Library:LSM6DSOX",""
"2","1","BodyT1","LM35_Port","My Schematic library:LM35_Port","Connector_PinHeader_2.54mm:PinHeader_1x03_P2.54mm_Vertical",""
"3","1","FluidL1","eTape_Port","My Schematic library:eTape_Port","Connector_PinHeader_2.54mm:PinHeader_1x04_P2.54mm_Vertical",""
"4","1","GPS1","PA1616S","My Schematic library:PA1616S","My_footprints_Library:PA1616S",""
"5","1","Pressure1","P_trans_port","My Schematic library:P_trans_port","Connector_PinHeader_2.54mm:PinHeader_1x03_P2.54mm_Vertical",""
"6","1","Pulse1","SEN-11574_Port","My Schematic library:SEN-11574_Port","Connector_PinHeader_2.54mm:PinHeader_1x03_P2.54mm_Vertical",""
"7","1","R1","560Ω","Device:R","Resistor_THT:R_Axial_DIN0309_L9.0mm_D3.2mm_P2.54mm_Vertical","~"
"8","1","U1","Arduino_port","My Schematic library:Arduino_port","Connector_PinHeader_2.54mm:PinHeader_2x31_P2.54mm_Vertical",""
